Workbook

Sheet Summary
B2: ACK Archive Registry — Preservation Progress
B3: Source of truth: Catalog sheet. Update "Preservation Status" column there; this dashboard reflects live counts.
B5: Overall
B6: Total works in catalog | D6: =COUNTA(Catalog!C2:C426) -> 425
B7: Done (in manifest) | D7: =COUNTIF(Catalog!Q2:Q426,"Done")+COUNTIF(Catalog!Q2:Q426,"In Manifest") -> 0
B8: In progress | D8: =COUNTIF(Catalog!Q2:Q426,"Uploading")+COUNTIF(Catalog!Q2:Q426,"Uploaded")+COUNTIF(Catalog!Q2:Q426,"Hash Verified") -> 0
B9: Pending | D9: =COUNTIF(Catalog!Q2:Q426,"Pending") -> 425
B10: Skipped | D10: =COUNTIF(Catalog!Q2:Q426,"Skip") -> 0
B11: Completion % | D11: =(COUNTIF(Catalog!Q2:Q426,"Done")+COUNTIF(Catalog!Q2:Q426,"In Manifest"))/COUNTA(Catalog!C2:C426) -> 0
B14: Per Collection
B15: Collection | C15: Total | D15: Done | E15: In Progress | F15: Pending | G15: % Complete
B16: Starry Nights | C16: =COUNTIF(Catalog!B2:B426,$B16) -> 111 | D16: =COUNTIFS(Catalog!B2:B426,$B16,Catalog!Q2:Q426,"Done")+COUNTIFS(Catalog!B2:B426,$B16,Catalog!Q2:Q426,"In Manifest") -> 0 | E16: =COUNTIFS(Catalog!B2:B426,$B16,Catalog!Q2:Q426,"Uploading")+COUNTIFS(Catalog!B2:B426,$B16,Catalog!Q2:Q426,"Uploaded")+COUNTIFS(Catalog!B2:B426,$B16,Catalog!Q2:Q426,"Hash Verified") -> 0 | F16: =COUNTIFS(Catalog!B2:B426,$B16,Catalog!Q2:Q426,"Pending") -> 111 | G16: =IF(C16=0,0,D16/C16) -> 0
B17: Clown Party | C17: =COUNTIF(Catalog!B2:B426,$B17) -> 12 | D17: =COUNTIFS(Catalog!B2:B426,$B17,Catalog!Q2:Q426,"Done")+COUNTIFS(Catalog!B2:B426,$B17,Catalog!Q2:Q426,"In Manifest") -> 0 | E17: =COUNTIFS(Catalog!B2:B426,$B17,Catalog!Q2:Q426,"Uploading")+COUNTIFS(Catalog!B2:B426,$B17,Catalog!Q2:Q426,"Uploaded")+COUNTIFS(Catalog!B2:B426,$B17,Catalog!Q2:Q426,"Hash Verified") -> 0 | F17: =COUNTIFS(Catalog!B2:B426,$B17,Catalog!Q2:Q426,"Pending") -> 12 | G17: =IF(C17=0,0,D17/C17) -> 0
B18: ACKPFP | C18: =COUNTIF(Catalog!B2:B426,$B18) -> 10 | D18: =COUNTIFS(Catalog!B2:B426,$B18,Catalog!Q2:Q426,"Done")+COUNTIFS(Catalog!B2:B426,$B18,Catalog!Q2:Q426,"In Manifest") -> 0 | E18: =COUNTIFS(Catalog!B2:B426,$B18,Catalog!Q2:Q426,"Uploading")+COUNTIFS(Catalog!B2:B426,$B18,Catalog!Q2:Q426,"Uploaded")+COUNTIFS(Catalog!B2:B426,$B18,Catalog!Q2:Q426,"Hash Verified") -> 0 | F18: =COUNTIFS(Catalog!B2:B426,$B18,Catalog!Q2:Q426,"Pending") -> 10 | G18: =IF(C18=0,0,D18/C18) -> 0
B19: Piano Blossoms | C19: =COUNTIF(Catalog!B2:B426,$B19) -> 6 | D19: =COUNTIFS(Catalog!B2:B426,$B19,Catalog!Q2:Q426,"Done")+COUNTIFS(Catalog!B2:B426,$B19,Catalog!Q2:Q426,"In Manifest") -> 0 | E19: =COUNTIFS(Catalog!B2:B426,$B19,Catalog!Q2:Q426,"Uploading")+COUNTIFS(Catalog!B2:B426,$B19,Catalog!Q2:Q426,"Uploaded")+COUNTIFS(Catalog!B2:B426,$B19,Catalog!Q2:Q426,"Hash Verified") -> 0 | F19: =COUNTIFS(Catalog!B2:B426,$B19,Catalog!Q2:Q426,"Pending") -> 6 | G19: =IF(C19=0,0,D19/C19) -> 0
B20: 1 of 1s | C20: =COUNTIF(Catalog!B2:B426,$B20) -> 15 | D20: =COUNTIFS(Catalog!B2:B426,$B20,Catalog!Q2:Q426,"Done")+COUNTIFS(Catalog!B2:B426,$B20,Catalog!Q2:Q426,"In Manifest") -> 0 | E20: =COUNTIFS(Catalog!B2:B426,$B20,Catalog!Q2:Q426,"Uploading")+COUNTIFS(Catalog!B2:B426,$B20,Catalog!Q2:Q426,"Uploaded")+COUNTIFS(Catalog!B2:B426,$B20,Catalog!Q2:Q426,"Hash Verified") -> 0 | F20: =COUNTIFS(Catalog!B2:B426,$B20,Catalog!Q2:Q426,"Pending") -> 15 | G20: =IF(C20=0,0,D20/C20) -> 0
B21: servants | C21: =COUNTIF(Catalog!B2:B426,$B21) -> 69 | D21: =COUNTIFS(Catalog!B2:B426,$B21,Catalog!Q2:Q426,"Done")+COUNTIFS(Catalog!B2:B426,$B21,Catalog!Q2:Q426,"In Manifest") -> 0 | E21: =COUNTIFS(Catalog!B2:B426,$B21,Catalog!Q2:Q426,"Uploading")+COUNTIFS(Catalog!B2:B426,$B21,Catalog!Q2:Q426,"Uploaded")+COUNTIFS(Catalog!B2:B426,$B21,Catalog!Q2:Q426,"Hash Verified") -> 0 | F21: =COUNTIFS(Catalog!B2:B426,$B21,Catalog!Q2:Q426,"Pending") -> 69 | G21: =IF(C21=0,0,D21/C21) -> 0
B22: Broken Keys | C22: =COUNTIF(Catalog!B2:B426,$B22) -> 48 | D22: =COUNTIFS(Catalog!B2:B426,$B22,Catalog!Q2:Q426,"Done")+COUNTIFS(Catalog!B2:B426,$B22,Catalog!Q2:Q426,"In Manifest") -> 0 | E22: =COUNTIFS(Catalog!B2:B426,$B22,Catalog!Q2:Q426,"Uploading")+COUNTIFS(Catalog!B2:B426,$B22,Catalog!Q2:Q426,"Uploaded")+COUNTIFS(Catalog!B2:B426,$B22,Catalog!Q2:Q426,"Hash Verified") -> 0 | F22: =COUNTIFS(Catalog!B2:B426,$B22,Catalog!Q2:Q426,"Pending") -> 48 | G22: =IF(C22=0,0,D22/C22) -> 0
B23: Warothys | C23: =COUNTIF(Catalog!B2:B426,$B23) -> 26 | D23: =COUNTIFS(Catalog!B2:B426,$B23,Catalog!Q2:Q426,"Done")+COUNTIFS(Catalog!B2:B426,$B23,Catalog!Q2:Q426,"In Manifest") -> 0 | E23: =COUNTIFS(Catalog!B2:B426,$B23,Catalog!Q2:Q426,"Uploading")+COUNTIFS(Catalog!B2:B426,$B23,Catalog!Q2:Q426,"Uploaded")+COUNTIFS(Catalog!B2:B426,$B23,Catalog!Q2:Q426,"Hash Verified") -> 0 | F23: =COUNTIFS(Catalog!B2:B426,$B23,Catalog!Q2:Q426,"Pending") -> 26 | G23: =IF(C23=0,0,D23/C23) -> 0
B24: SuperRare | C24: =COUNTIF(Catalog!B2:B426,$B24) -> 9 | D24: =COUNTIFS(Catalog!B2:B426,$B24,Catalog!Q2:Q426,"Done")+COUNTIFS(Catalog!B2:B426,$B24,Catalog!Q2:Q426,"In Manifest") -> 0 | E24: =COUNTIFS(Catalog!B2:B426,$B24,Catalog!Q2:Q426,"Uploading")+COUNTIFS(Catalog!B2:B426,$B24,Catalog!Q2:Q426,"Uploaded")+COUNTIFS(Catalog!B2:B426,$B24,Catalog!Q2:Q426,"Hash Verified") -> 0 | F24: =COUNTIFS(Catalog!B2:B426,$B24,Catalog!Q2:Q426,"Pending") -> 9 | G24: =IF(C24=0,0,D24/C24) -> 0
B25: Heart You | C25: =COUNTIF(Catalog!B2:B426,$B25) -> 8 | D25: =COUNTIFS(Catalog!B2:B426,$B25,Catalog!Q2:Q426,"Done")+COUNTIFS(Catalog!B2:B426,$B25,Catalog!Q2:Q426,"In Manifest") -> 0 | E25: =COUNTIFS(Catalog!B2:B426,$B25,Catalog!Q2:Q426,"Uploading")+COUNTIFS(Catalog!B2:B426,$B25,Catalog!Q2:Q426,"Uploaded")+COUNTIFS(Catalog!B2:B426,$B25,Catalog!Q2:Q426,"Hash Verified") -> 0 | F25: =COUNTIFS(Catalog!B2:B426,$B25,Catalog!Q2:Q426,"Pending") -> 8 | G25: =IF(C25=0,0,D25/C25) -> 0
B26: Her Favorite Flowers | C26: =COUNTIF(Catalog!B2:B426,$B26) -> 2 | D26: =COUNTIFS(Catalog!B2:B426,$B26,Catalog!Q2:Q426,"Done")+COUNTIFS(Catalog!B2:B426,$B26,Catalog!Q2:Q426,"In Manifest") -> 0 | E26: =COUNTIFS(Catalog!B2:B426,$B26,Catalog!Q2:Q426,"Uploading")+COUNTIFS(Catalog!B2:B426,$B26,Catalog!Q2:Q426,"Uploaded")+COUNTIFS(Catalog!B2:B426,$B26,Catalog!Q2:Q426,"Hash Verified") -> 0 | F26: =COUNTIFS(Catalog!B2:B426,$B26,Catalog!Q2:Q426,"Pending") -> 2 | G26: =IF(C26=0,0,D26/C26) -> 0
B27: Ackstract | C27: =COUNTIF(Catalog!B2:B426,$B27) -> 4 | D27: =COUNTIFS(Catalog!B2:B426,$B27,Catalog!Q2:Q426,"Done")+COUNTIFS(Catalog!B2:B426,$B27,Catalog!Q2:Q426,"In Manifest") -> 0 | E27: =COUNTIFS(Catalog!B2:B426,$B27,Catalog!Q2:Q426,"Uploading")+COUNTIFS(Catalog!B2:B426,$B27,Catalog!Q2:Q426,"Uploaded")+COUNTIFS(Catalog!B2:B426,$B27,Catalog!Q2:Q426,"Hash Verified") -> 0 | F27: =COUNTIFS(Catalog!B2:B426,$B27,Catalog!Q2:Q426,"Pending") -> 4 | G27: =IF(C27=0,0,D27/C27) -> 0
B28: Right Click Print | C28: =COUNTIF(Catalog!B2:B426,$B28) -> 15 | D28: =COUNTIFS(Catalog!B2:B426,$B28,Catalog!Q2:Q426,"Done")+COUNTIFS(Catalog!B2:B426,$B28,Catalog!Q2:Q426,"In Manifest") -> 0 | E28: =COUNTIFS(Catalog!B2:B426,$B28,Catalog!Q2:Q426,"Uploading")+COUNTIFS(Catalog!B2:B426,$B28,Catalog!Q2:Q426,"Uploaded")+COUNTIFS(Catalog!B2:B426,$B28,Catalog!Q2:Q426,"Hash Verified") -> 0 | F28: =COUNTIFS(Catalog!B2:B426,$B28,Catalog!Q2:Q426,"Pending") -> 15 | G28: =IF(C28=0,0,D28/C28) -> 0
B29: Last Orders | C29: =COUNTIF(Catalog!B2:B426,$B29) -> 25 | D29: =COUNTIFS(Catalog!B2:B426,$B29,Catalog!Q2:Q426,"Done")+COUNTIFS(Catalog!B2:B426,$B29,Catalog!Q2:Q426,"In Manifest") -> 0 | E29: =COUNTIFS(Catalog!B2:B426,$B29,Catalog!Q2:Q426,"Uploading")+COUNTIFS(Catalog!B2:B426,$B29,Catalog!Q2:Q426,"Uploaded")+COUNTIFS(Catalog!B2:B426,$B29,Catalog!Q2:Q426,"Hash Verified") -> 0 | F29: =COUNTIFS(Catalog!B2:B426,$B29,Catalog!Q2:Q426,"Pending") -> 25 | G29: =IF(C29=0,0,D29/C29) -> 0
B30: ACK Editions | C30: =COUNTIF(Catalog!B2:B426,$B30) -> 13 | D30: =COUNTIFS(Catalog!B2:B426,$B30,Catalog!Q2:Q426,"Done")+COUNTIFS(Catalog!B2:B426,$B30,Catalog!Q2:Q426,"In Manifest") -> 0 | E30: =COUNTIFS(Catalog!B2:B426,$B30,Catalog!Q2:Q426,"Uploading")+COUNTIFS(Catalog!B2:B426,$B30,Catalog!Q2:Q426,"Uploaded")+COUNTIFS(Catalog!B2:B426,$B30,Catalog!Q2:Q426,"Hash Verified") -> 0 | F30: =COUNTIFS(Catalog!B2:B426,$B30,Catalog!Q2:Q426,"Pending") -> 13 | G30: =IF(C30=0,0,D30/C30) -> 0
B31: The Great Color Study | C31: =COUNTIF(Catalog!B2:B426,$B31) -> 12 | D31: =COUNTIFS(Catalog!B2:B426,$B31,Catalog!Q2:Q426,"Done")+COUNTIFS(Catalog!B2:B426,$B31,Catalog!Q2:Q426,"In Manifest") -> 0 | E31: =COUNTIFS(Catalog!B2:B426,$B31,Catalog!Q2:Q426,"Uploading")+COUNTIFS(Catalog!B2:B426,$B31,Catalog!Q2:Q426,"Uploaded")+COUNTIFS(Catalog!B2:B426,$B31,Catalog!Q2:Q426,"Hash Verified") -> 0 | F31: =COUNTIFS(Catalog!B2:B426,$B31,Catalog!Q2:Q426,"Pending") -> 12 | G31: =IF(C31=0,0,D31/C31) -> 0
B32: Opepen Set 030: a.c.k. | C32: =COUNTIF(Catalog!B2:B426,$B32) -> 6 | D32: =COUNTIFS(Catalog!B2:B426,$B32,Catalog!Q2:Q426,"Done")+COUNTIFS(Catalog!B2:B426,$B32,Catalog!Q2:Q426,"In Manifest") -> 0 | E32: =COUNTIFS(Catalog!B2:B426,$B32,Catalog!Q2:Q426,"Uploading")+COUNTIFS(Catalog!B2:B426,$B32,Catalog!Q2:Q426,"Uploaded")+COUNTIFS(Catalog!B2:B426,$B32,Catalog!Q2:Q426,"Hash Verified") -> 0 | F32: =COUNTIFS(Catalog!B2:B426,$B32,Catalog!Q2:Q426,"Pending") -> 6 | G32: =IF(C32=0,0,D32/C32) -> 0
B33: 6529 | C33: =COUNTIF(Catalog!B2:B426,$B33) -> 3 | D33: =COUNTIFS(Catalog!B2:B426,$B33,Catalog!Q2:Q426,"Done")+COUNTIFS(Catalog!B2:B426,$B33,Catalog!Q2:Q426,"In Manifest") -> 0 | E33: =COUNTIFS(Catalog!B2:B426,$B33,Catalog!Q2:Q426,"Uploading")+COUNTIFS(Catalog!B2:B426,$B33,Catalog!Q2:Q426,"Uploaded")+COUNTIFS(Catalog!B2:B426,$B33,Catalog!Q2:Q426,"Hash Verified") -> 0 | F33: =COUNTIFS(Catalog!B2:B426,$B33,Catalog!Q2:Q426,"Pending") -> 3 | G33: =IF(C33=0,0,D33/C33) -> 0
B34: Made these for your girl | C34: =COUNTIF(Catalog!B2:B426,$B34) -> 1 | D34: =COUNTIFS(Catalog!B2:B426,$B34,Catalog!Q2:Q426,"Done")+COUNTIFS(Catalog!B2:B426,$B34,Catalog!Q2:Q426,"In Manifest") -> 0 | E34: =COUNTIFS(Catalog!B2:B426,$B34,Catalog!Q2:Q426,"Uploading")+COUNTIFS(Catalog!B2:B426,$B34,Catalog!Q2:Q426,"Uploaded")+COUNTIFS(Catalog!B2:B426,$B34,Catalog!Q2:Q426,"Hash Verified") -> 0 | F34: =COUNTIFS(Catalog!B2:B426,$B34,Catalog!Q2:Q426,"Pending") -> 1 | G34: =IF(C34=0,0,D34/C34) -> 0
B35: notxcopy | C35: =COUNTIF(Catalog!B2:B426,$B35) -> 2 | D35: =COUNTIFS(Catalog!B2:B426,$B35,Catalog!Q2:Q426,"Done")+COUNTIFS(Catalog!B2:B426,$B35,Catalog!Q2:Q426,"In Manifest") -> 0 | E35: =COUNTIFS(Catalog!B2:B426,$B35,Catalog!Q2:Q426,"Uploading")+COUNTIFS(Catalog!B2:B426,$B35,Catalog!Q2:Q426,"Uploaded")+COUNTIFS(Catalog!B2:B426,$B35,Catalog!Q2:Q426,"Hash Verified") -> 0 | F35: =COUNTIFS(Catalog!B2:B426,$B35,Catalog!Q2:Q426,"Pending") -> 2 | G35: =IF(C35=0,0,D35/C35) -> 0
B36: ACKek | C36: =COUNTIF(Catalog!B2:B426,$B36) -> 5 | D36: =COUNTIFS(Catalog!B2:B426,$B36,Catalog!Q2:Q426,"Done")+COUNTIFS(Catalog!B2:B426,$B36,Catalog!Q2:Q426,"In Manifest") -> 0 | E36: =COUNTIFS(Catalog!B2:B426,$B36,Catalog!Q2:Q426,"Uploading")+COUNTIFS(Catalog!B2:B426,$B36,Catalog!Q2:Q426,"Uploaded")+COUNTIFS(Catalog!B2:B426,$B36,Catalog!Q2:Q426,"Hash Verified") -> 0 | F36: =COUNTIFS(Catalog!B2:B426,$B36,Catalog!Q2:Q426,"Pending") -> 5 | G36: =IF(C36=0,0,D36/C36) -> 0
B37: Tempted in the Garden | C37: =COUNTIF(Catalog!B2:B426,$B37) -> 1 | D37: =COUNTIFS(Catalog!B2:B426,$B37,Catalog!Q2:Q426,"Done")+COUNTIFS(Catalog!B2:B426,$B37,Catalog!Q2:Q426,"In Manifest") -> 0 | E37: =COUNTIFS(Catalog!B2:B426,$B37,Catalog!Q2:Q426,"Uploading")+COUNTIFS(Catalog!B2:B426,$B37,Catalog!Q2:Q426,"Uploaded")+COUNTIFS(Catalog!B2:B426,$B37,Catalog!Q2:Q426,"Hash Verified") -> 0 | F37: =COUNTIFS(Catalog!B2:B426,$B37,Catalog!Q2:Q426,"Pending") -> 1 | G37: =IF(C37=0,0,D37/C37) -> 0
B38: ROI | C38: =COUNTIF(Catalog!B2:B426,$B38) -> 1 | D38: =COUNTIFS(Catalog!B2:B426,$B38,Catalog!Q2:Q426,"Done")+COUNTIFS(Catalog!B2:B426,$B38,Catalog!Q2:Q426,"In Manifest") -> 0 | E38: =COUNTIFS(Catalog!B2:B426,$B38,Catalog!Q2:Q426,"Uploading")+COUNTIFS(Catalog!B2:B426,$B38,Catalog!Q2:Q426,"Uploaded")+COUNTIFS(Catalog!B2:B426,$B38,Catalog!Q2:Q426,"Hash Verified") -> 0 | F38: =COUNTIFS(Catalog!B2:B426,$B38,Catalog!Q2:Q426,"Pending") -> 1 | G38: =IF(C38=0,0,D38/C38) -> 0
B39: ACKFTW | C39: =COUNTIF(Catalog!B2:B426,$B39) -> 6 | D39: =COUNTIFS(Catalog!B2:B426,$B39,Catalog!Q2:Q426,"Done")+COUNTIFS(Catalog!B2:B426,$B39,Catalog!Q2:Q426,"In Manifest") -> 0 | E39: =COUNTIFS(Catalog!B2:B426,$B39,Catalog!Q2:Q426,"Uploading")+COUNTIFS(Catalog!B2:B426,$B39,Catalog!Q2:Q426,"Uploaded")+COUNTIFS(Catalog!B2:B426,$B39,Catalog!Q2:Q426,"Hash Verified") -> 0 | F39: =COUNTIFS(Catalog!B2:B426,$B39,Catalog!Q2:Q426,"Pending") -> 6 | G39: =IF(C39=0,0,D39/C39) -> 0
B40: Noble Gallery | C40: =COUNTIF(Catalog!B2:B426,$B40) -> 2 | D40: =COUNTIFS(Catalog!B2:B426,$B40,Catalog!Q2:Q426,"Done")+COUNTIFS(Catalog!B2:B426,$B40,Catalog!Q2:Q426,"In Manifest") -> 0 | E40: =COUNTIFS(Catalog!B2:B426,$B40,Catalog!Q2:Q426,"Uploading")+COUNTIFS(Catalog!B2:B426,$B40,Catalog!Q2:Q426,"Uploaded")+COUNTIFS(Catalog!B2:B426,$B40,Catalog!Q2:Q426,"Hash Verified") -> 0 | F40: =COUNTIFS(Catalog!B2:B426,$B40,Catalog!Q2:Q426,"Pending") -> 2 | G40: =IF(C40=0,0,D40/C40) -> 0
B41: experimental - foundation | C41: =COUNTIF(Catalog!B2:B426,$B41) -> 13 | D41: =COUNTIFS(Catalog!B2:B426,$B41,Catalog!Q2:Q426,"Done")+COUNTIFS(Catalog!B2:B426,$B41,Catalog!Q2:Q426,"In Manifest") -> 0 | E41: =COUNTIFS(Catalog!B2:B426,$B41,Catalog!Q2:Q426,"Uploading")+COUNTIFS(Catalog!B2:B426,$B41,Catalog!Q2:Q426,"Uploaded")+COUNTIFS(Catalog!B2:B426,$B41,Catalog!Q2:Q426,"Hash Verified") -> 0 | F41: =COUNTIFS(Catalog!B2:B426,$B41,Catalog!Q2:Q426,"Pending") -> 13 | G41: =IF(C41=0,0,D41/C41) -> 0

Sheet Catalog
A1: Row | B1: Collection | C1: Title | D1: Platform | E1: Chain | F1: Token Standard | G1: Source Contract | H1: Token ID | I1: Edition | J1: Mint Date | K1: Local Thumb Path | L1: Local Full-Res Path | M1: File Type | N1: Original IPFS CID | O1: Arweave TX | P1: SHA-256 Hash | Q1: Preservation Status | R1: Current Collector | S1: Notes
A2: 1 | B2: Starry Nights | C2: Starry Night #1 | H2: 1 | K2: starrynights/elephants_web.jpg | L2: starrynights/elephants.jpg | M2: JPG | Q2: Pending
A3: 2 | B3: Starry Nights | C3: Starry Night #2 | H3: 2 | K3: starrynights/elephants_web.jpg | L3: starrynights/elephants.jpg | M3: JPG | Q3: Pending
A4: 3 | B4: Starry Nights | C4: Starry Night #3 | H4: 3 | K4: starrynights/elephants_web.jpg | L4: starrynights/elephants.jpg | M4: JPG | Q4: Pending
A5: 4 | B5: Starry Nights | C5: Starry Night #4 | H5: 4 | K5: starrynights/elephants_web.jpg | L5: starrynights/elephants.jpg | M5: JPG | Q5: Pending
A6: 5 | B6: Starry Nights | C6: Starry Night #5 | H6: 5 | K6: starrynights/elephants_web.jpg | L6: starrynights/elephants.jpg | M6: JPG | Q6: Pending
A7: 6 | B7: Starry Nights | C7: Starry Night #6 | H7: 6 | K7: starrynights/elephants_web.jpg | L7: starrynights/elephants.jpg | M7: JPG | Q7: Pending
A8: 7 | B8: Starry Nights | C8: Starry Night #7 | H8: 7 | K8: starrynights/elephants_web.jpg | L8: starrynights/elephants.jpg | M8: JPG | Q8: Pending
A9: 8 | B9: Starry Nights | C9: Starry Night #8 | H9: 8 | K9: starrynights/elephants_web.jpg | L9: starrynights/elephants.jpg | M9: JPG | Q9: Pending
A10: 9 | B10: Starry Nights | C10: Starry Night #9 | H10: 9 | K10: starrynights/elephants_web.jpg | L10: starrynights/elephants.jpg | M10: JPG | Q10: Pending
A11: 10 | B11: Starry Nights | C11: Starry Night #10 | H11: 10 | K11: starrynights/elephants_web.jpg | L11: starrynights/elephants.jpg | M11: JPG | Q11: Pending
A12: 11 | B12: Starry Nights | C12: Starry Night #11 | H12: 11 | K12: starrynights/elephants_web.jpg | L12: starrynights/elephants.jpg | M12: JPG | Q12: Pending
A13: 12 | B13: Starry Nights | C13: Starry Night #12 | H13: 12 | K13: starrynights/elephants_web.jpg | L13: starrynights/elephants.jpg | M13: JPG | Q13: Pending
... A112: 111 | B112: Starry Nights | C112: Starry Night #111 | H112: 111 | K112: starrynights/elephants_web.jpg | L112: starrynights/elephants.jpg | M112: JPG | Q112: Pending
A113: 112 | B113: Clown Party | C113: self portrait - tin man | D113: Own / Other | E113: Ethereum | G113: 0x4772fb1ed333777cf4a062ffcda2d25ce3e1029c | H113: 5 | K113: clownparty/web/tinman_physical_web.jpg | L113: clownparty/web/tinman_physical_web.jpg | M113: JPG | Q113: Pending | R113: punk8868
A114: 113 | B114: Clown Party | C114: self portrait - tin man (digital) | D114: Own / Other | E114: Ethereum | G114: 0x4772fb1ed333777cf4a062ffcda2d25ce3e1029c | H114: 5 | K114: clownparty/web/tinman_digital_web.jpg | L114: https://arweave.net/bPVYlbj_IyQn3Rw2oIKm2PWyJTWTyYlfcgX3dfnFbnU | Q114: Pending
A115: 114 | B115: Clown Party | C115: Heavy Mettle | D115: Own / Other | E115: Ethereum | G115: 0x4772fb1ed333777cf4a062ffcda2d25ce3e1029c | H115: 2 | K115: clownparty/web/heavy_mettle_physical_web.jpg | L115: clownparty/web/heavy_mettle_physical_web.jpg | M115: JPG | Q115: Pending | R115: hittman_
A116: 115 | B116: Clown Party | C116: Heavy Mettle (digital) | D116: Own / Other | E116: Ethereum | G116: 0x4772fb1ed333777cf4a062ffcda2d25ce3e1029c | H116: 2 | K116: clownparty/web/heavy_mettle_digital_web.jpg | L116: https://arweave.net/lmfiRkcV8y0iOYzE_zDFabIR1yiphdK-OUF9SKpwp4c | Q116: Pending
A117: 116 | B117: Clown Party | C117: Showtime | D117: Own / Other | E117: Ethereum | G117: 0x4772fb1ed333777cf4a062ffcda2d25ce3e1029c | H117: 4 | K117: clownparty/web/showtime_physical_web.jpg | L117: clownparty/web/showtime_physical_web.jpg | M117: JPG | Q117: Pending | R117: foretwenty
A118: 117 | B118: Clown Party | C118: Showtime (digital) | D118: Own / Other | E118: Ethereum | G118: 0x4772fb1ed333777cf4a062ffcda2d25ce3e1029c | H118: 4 | K118: clownparty/web/showtime_digital_web.jpg | L118: https://arweave.net/54BzS3c7AJdtzQwKvobS6Nr7X0PxRFsDQO6hcZI98Nc | Q118: Pending
A119: 118 | B119: Clown Party | C119: spectACKular | D119: Own / Other | E119: Ethereum | G119: 0x4772fb1ed333777cf4a062ffcda2d25ce3e1029c | H119: 3 | K119: clownparty/web/spectackular_physical_web.jpg | L119: clownparty/web/spectackular_physical_web.jpg | M119: JPG | Q119: Pending
A120: 119 | B120: Clown Party | C120: spectACKular (digital) | D120: Own / Other | E120: Ethereum | G120: 0x4772fb1ed333777cf4a062ffcda2d25ce3e1029c | H120: 3 | K120: clownparty/web/spectackular_digital_web.jpg | L120: https://arweave.net/RaykHYiKi-2SJkq0Vas49M0AJinUexcUp4TJYTKaIu4 | Q120: Pending
A121: 120 | B121: Clown Party | C121: Pink Carousel | D121: Own / Other | E121: Ethereum | G121: 0x4772fb1ed333777cf4a062ffcda2d25ce3e1029c | H121: 6 | K121: clownparty/web/pink_carousel_physical_web.jpg | L121: clownparty/web/pink_carousel_physical_web.jpg | M121: JPG | Q121: Pending
A122: 121 | B122: Clown Party | C122: Pink Carousel (digital) | D122: Own / Other | E122: Ethereum | G122: 0x4772fb1ed333777cf4a062ffcda2d25ce3e1029c | H122: 6 | K122: clownparty/web/pink_carousel_digital_web.jpg | L122: https://arweave.net/3sdRZ9bzZVNkGKVEC-rdCvSfkFr1AQdgu2x21yQfXqg | Q122: Pending
A123: 122 | B123: Clown Party | C123: Goodnight Circus | D123: Own / Other | E123: Ethereum | G123: 0x4772fb1ed333777cf4a062ffcda2d25ce3e1029c | H123: 1 | K123: clownparty/web/goodnight_circus_physical_web.jpg | L123: clownparty/web/goodnight_circus_physical_web.jpg | M123: JPG | Q123: Pending
A124: 123 | B124: Clown Party | C124: Goodnight Circus (digital) | D124: Own / Other | E124: Ethereum | G124: 0x4772fb1ed333777cf4a062ffcda2d25ce3e1029c | H124: 1 | K124: clownparty/web/goodnight_circus_digital_web.jpg | L124: https://arweave.net/ATA8fFKjhLGyKw8uVkmGEI8AWMEcLd13U0Bh62BR_Yc | Q124: Pending
A125: 124 | B125: ACKPFP | C125: ~timeReaper~ | D125: Own / Other | E125: Ethereum | G125: 0x7d0874f682c42f0fe907baf7785d9dcb5a0b1285 | H125: 1 | K125: ackpfp/timreaper.gif | L125: https://arweave.net/hv5XUE9_hZqhjhGT3qbqBSvV-8eQ_yi3kOexAkhsz30 | Q125: Pending
A126: 125 | B126: ACKPFP | C126: serSingularity | D126: Own / Other | E126: Ethereum | G126: 0x7d0874f682c42f0fe907baf7785d9dcb5a0b1285 | H126: 5 | K126: ackpfp/sersingularity.gif | L126: https://arweave.net/QTX3eFu7Y9peBIRAlq5L92dksjBw-Kw7rYt3bbyNGcc | Q126: Pending
A127: 126 | B127: ACKPFP | C127: misterShady | D127: Own / Other | E127: Ethereum | G127: 0x7d0874f682c42f0fe907baf7785d9dcb5a0b1285 | H127: 3 | K127: ackpfp/mistershady.gif | L127: https://arweave.net/Eal93gHFj44PiHPGYzlaz__fcRIp-r_NfQmIjVCl80g | Q127: Pending
A128: 127 | B128: ACKPFP | C128: laserEyes | D128: Own / Other | E128: Ethereum | G128: 0x7d0874f682c42f0fe907baf7785d9dcb5a0b1285 | H128: 2 | K128: ackpfp/lasereyes.gif | L128: https://arweave.net/b_4A7HyuwLaqxC00PoMsBLEBDPh9MhMh0JlXoNSsAR0 | Q128: Pending
A129: 128 | B129: ACKPFP | C129: morning star | D129: Own / Other | E129: Ethereum | G129: 0x7d0874f682c42f0fe907baf7785d9dcb5a0b1285 | H129: 9 | K129: ackpfp/morningstar.gif | L129: https://arweave.net/Gh2dfHaGsNR5P33VClFwDzYVbxYmp6UuqixyPcNWA8o | Q129: Pending
A130: 129 | B130: ACKPFP | C130: skullBoy | D130: Own / Other | E130: Ethereum | G130: 0x7d0874f682c42f0fe907baf7785d9dcb5a0b1285 | H130: 6 | K130: ackpfp/skullboy.gif | L130: https://arweave.net/a48EQDKqsN20CrXNfw5w4Sags_Vhh3EoiWBGX9kumU0 | Q130: Pending
A131: 130 | B131: ACKPFP | C131: no one | D131: Own / Other | E131: Ethereum | G131: 0x7d0874f682c42f0fe907baf7785d9dcb5a0b1285 | H131: 10 | K131: ackpfp/noone.gif | L131: https://arweave.net/dgNSgZHkO6pB4XxnuoHEo3B7J2hnRGvBVdflO4Sv0IU | Q131: Pending
A132: 131 | B132: ACKPFP | C132: cringe pepe | D132: Own / Other | E132: Ethereum | G132: 0x7d0874f682c42f0fe907baf7785d9dcb5a0b1285 | H132: 8 | K132: ackpfp/web/cringepepe_web.jpg | L132: https://arweave.net/T9TzoW3yqHi9ZBw3cmiXfGTVU8CzDJgdrJ30SdzMO0I | Q132: Pending | R132: VincentVanDough
A133: 132 | B133: ACKPFP | C133: fireFace | D133: Own / Other | E133: Ethereum | G133: 0x7d0874f682c42f0fe907baf7785d9dcb5a0b1285 | H133: 4 | K133: ackpfp/fireface.gif | L133: https://arweave.net/TgXQCUVtQn_UQ5r_6tsfZyac0Mau2YFmwFGqoy3SnNQ | Q133: Pending
A134: 133 | B134: ACKPFP | C134: greg | D134: Own / Other | E134: Ethereum | G134: 0x7d0874f682c42f0fe907baf7785d9dcb5a0b1285 | H134: 7 | K134: ackpfp/greg.gif | L134: https://arweave.net/iwe8737PCZcJsHj61jntF_MagWawadrOtFyWesoWok8 | Q134: Pending
A135: 134 | B135: Piano Blossoms | C135: self portrait in the garden of the Muse | D135: Own / Other | E135: Ethereum | G135: 0x728d7a5133068e3c7e5afe72de8999076bc940f9 | H135: 6 | I135: 1 of 1 | K135: piano_blossoms/web/self_portrait_physical_web.jpg | L135: piano_blossoms/self_portrait_in_the_garden_of_the_Muse/self_portrait_in_the_garden_of_the_Muse.jpg | M135: JPG | Q135: Pending | R135: BBA
A136: 135 | B136: Piano Blossoms | C136: Muse Blossoms | D136: Own / Other | E136: Ethereum | G136: 0x728d7a5133068e3c7e5afe72de8999076bc940f9 | H136: 4 | I136: 1 of 1 | K136: piano_blossoms/web/muse_blossoms_physical_web.jpg | L136: piano_blossoms/muse_blossoms/Muse_blossoms.jpg | M136: JPG | Q136: Pending | R136: Hivemind Capital
A137: 136 | B137: Piano Blossoms | C137: Wonderland | D137: Own / Other | E137: Ethereum | G137: 0x728d7a5133068e3c7e5afe72de8999076bc940f9 | H137: 1 | I137: 1 of 1 | K137: piano_blossoms/web/wonderland_physical_web.jpg | L137: piano_blossoms/wonderland/Wonderland.jpg | M137: JPG | Q137: Pending | R137: Hivemind Capital
A138: 137 | B138: Piano Blossoms | C138: Golden Afternoon | D138: Own / Other | E138: Ethereum | G138: 0x728d7a5133068e3c7e5afe72de8999076bc940f9 | H138: 3 | I138: 1 of 1 | K138: piano_blossoms/web/golden_afternoon_physical_web.jpg | L138: piano_blossoms/golden_afternoon/Golden_Afternoon.jpg | M138: JPG | Q138: Pending | R138: Hivemind Capital
A139: 138 | B139: Piano Blossoms | C139: Flower Demons | D139: Own / Other | E139: Ethereum | G139: 0x728d7a5133068e3c7e5afe72de8999076bc940f9 | H139: 5 | I139: 1 of 1 | K139: piano_blossoms/web/flower_demons_physical_web.jpg | L139: piano_blossoms/flower_demons/Flower_Demons.jpg | M139: JPG | Q139: Pending | R139: Hivemind Capital
A140: 139 | B140: Piano Blossoms | C140: interblossom | D140: Own / Other | E140: Ethereum | G140: 0x728d7a5133068e3c7e5afe72de8999076bc940f9 | H140: 2 | I140: 1 of 1 | K140: piano_blossoms/web/interblossom_physical_web.jpg | L140: piano_blossoms/interblossom/interblossom.png | M140: PNG | Q140: Pending | R140: Hivemind Capital
A141: 140 | B141: 1 of 1s | C141: Riddikulus! | D141: Own / Other | E141: Ethereum | G141: 0xd33bc0af2dc4e39cbaef4beff8d1fb3c00c2e7a3 | H141: 64 | K141: 1of1s/riddikulus/riddikulus_thumb.jpg | L141: https://arweave.net/tyKi07rE3Nic8GLZjZ1Rb1CPoxY4EYAxXoF5UNAazR8 | Q141: Pending
A142: 141 | B142: 1 of 1s | C142: PALE BLUE DEATH | D142: Own / Other | E142: Ethereum | G142: 0xd33bc0af2dc4e39cbaef4beff8d1fb3c00c2e7a3 | H142: 63 | K142: 1of1s/web/pbdnew_web.jpg | L142: https://arweave.net/oV6AP1DVawfvim6yKCUpXTJ0fTuWt_hyrLFduic23gg | Q142: Pending
A143: 142 | B143: 1 of 1s | C143: The Expulsion from Heaven | D143: Own / Other | E143: Ethereum | G143: 0xd33bc0af2dc4e39cbaef4beff8d1fb3c00c2e7a3 | H143: 62 | K143: 1of1s/expulsion_from_heaven/expulsion_tuhmbnail.jpg | L143: https://arweave.net/YIs37RBjYm39AnjocGC51LNt59qESR-EZM66_C3WNwE | Q143: Pending
A144: 143 | B144: 1 of 1s | C144: mind control | D144: Own / Other | E144: Ethereum | G144: 0xd33bc0af2dc4e39cbaef4beff8d1fb3c00c2e7a3 | H144: 61 | K144: 1of1s/web/mindcontrol_thumb_web.jpg | L144: https://arweave.net/MOKfNxoJITYtsU67gRQEflbgUf07m7sV9I4KebaX7Tg | Q144: Pending
A145: 144 | B145: 1 of 1s | C145: nah | D145: Own / Other | E145: Ethereum | G145: 0xd33bc0af2dc4e39cbaef4beff8d1fb3c00c2e7a3 | H145: 60 | K145: 1of1s/web/nah_web.jpg | L145: https://arweave.net/223tEVr3s1_hNDynapqVUkru_WQsCd4trQ0Rh4wpGn0 | Q145: Pending
A146: 145 | B146: 1 of 1s | C146: whisper of the Muse | D146: Own / Other | E146: Ethereum | G146: 0xd33bc0af2dc4e39cbaef4beff8d1fb3c00c2e7a3 | H146: 59 | K146: https://wsrv.nl/?url=https://arweave.net/z4VTFOj7E4fOQwAxTNsaJAypqgRKoAiJgjLxh9R4YHc&w=500&q=80&output=webp | L146: https://arweave.net/z4VTFOj7E4fOQwAxTNsaJAypqgRKoAiJgjLxh9R4YHc | Q146: Pending
A147: 146 | B147: 1 of 1s | C147: your fav crypto influencer | D147: Own / Other | E147: Ethereum | G147: 0xd33bc0af2dc4e39cbaef4beff8d1fb3c00c2e7a3 | H147: 57 | K147: https://wsrv.nl/?url=https://arweave.net/-sCDHFrZ7t3uXk-2bwQ5_vfzkn-K8S9YoODpzZ8tnmY&w=500&q=80&output=webp | L147: https://arweave.net/-sCDHFrZ7t3uXk-2bwQ5_vfzkn-K8S9YoODpzZ8tnmY | Q147: Pending
A148: 147 | B148: 1 of 1s | C148: i'ma fuck up my life | D148: Own / Other | E148: Ethereum | G148: 0xd33bc0af2dc4e39cbaef4beff8d1fb3c00c2e7a3 | H148: 56 | K148: https://wsrv.nl/?url=https://arweave.net/qgnu00PDAY1jeRF4PIQQtyT57CWXaDuoXc2PjvzYXjM&w=500&q=80&output=webp | L148: https://arweave.net/qgnu00PDAY1jeRF4PIQQtyT57CWXaDuoXc2PjvzYXjM | Q148: Pending
A149: 148 | B149: 1 of 1s | C149: Scare City | D149: Own / Other | E149: Ethereum | G149: 0xd33bc0af2dc4e39cbaef4beff8d1fb3c00c2e7a3 | H149: 55 | K149: https://wsrv.nl/?url=https://arweave.net/QiWXQ7HfFwSEy7l3LGmIHJgl7WyAwV_FbDxKf9GrwTo&w=500&q=80&output=webp | L149: https://arweave.net/QiWXQ7HfFwSEy7l3LGmIHJgl7WyAwV_FbDxKf9GrwTo | Q149: Pending
A150: 149 | B150: 1 of 1s | C150: The Contemplation | D150: Own / Other | E150: Ethereum | G150: 0xd33bc0af2dc4e39cbaef4beff8d1fb3c00c2e7a3 | H150: 54 | K150: https://wsrv.nl/?url=https://arweave.net/SMTkl_enaxthpICwTATDVP6ZwZEQHDkFKkD1Oj4-EkQ&w=500&q=80&output=webp | L150: https://arweave.net/SMTkl_enaxthpICwTATDVP6ZwZEQHDkFKkD1Oj4-EkQ | Q150: Pending
A151: 150 | B151: 1 of 1s | C151: pepe with a balloon | D151: Own / Other | E151: Ethereum | G151: 0xd33bc0af2dc4e39cbaef4beff8d1fb3c00c2e7a3 | H151: 52 | K151: https://wsrv.nl/?url=https://arweave.net/aPaCcMC3AxFmnznjBg0QLXG6CFmMX0dNyxmNebK8Iug&w=500&q=80&output=webp | L151: https://arweave.net/aPaCcMC3AxFmnznjBg0QLXG6CFmMX0dNyxmNebK8Iug | Q151: Pending
A152: 151 | B152: 1 of 1s | C152: The Ethereal Rose | D152: Own / Other | E152: Ethereum | G152: 0xd33bc0af2dc4e39cbaef4beff8d1fb3c00c2e7a3 | H152: 50 | K152: 1of1s/web/ethereal_rose_web.jpg | L152: https://arweave.net/x1mCW1Wyh8P6SYi063kAB2_WATkN4dg3JIeWgnzkl-I | Q152: Pending
... A224: 223 | B224: servants | C224: servant of the Muse #69 | D224: Own / Other | E224: Ethereum | G224: 0xd3f9551e9bc926cc180ac8d3e27364f4081df624 | H224: 69 | K224: servant_face_web.png | L224: https://arweave.net/Qf42dsHtzXDqLHiiW07vCz89qt2CEPCBjglUnjJNRys | Q224: Pending
A225: 224 | B225: Broken Keys | C225: The First Piano | D225: Own / Other | E225: Ethereum | G225: 0xd90829c6c6012e4dde506bd95d7499a04b9a56de | H225: 1 | K225: broken-keys-web/the_first_piano.jpg | L225: https://arweave.net/7OFMeeKoyU-7Qvp-e8crjGWuoM057P3KUC9wz6_syL8 | Q225: Pending | R225: stu.eth
A226: 225 | B226: Broken Keys | C226: There is no piano | D226: Own / Other | E226: Ethereum | G226: 0xd90829c6c6012e4dde506bd95d7499a04b9a56de | H226: 2 | K226: broken-keys-web/there_is_no_piano.jpg | L226: https://arweave.net/3VqFpPonZfq5QCFda5xZlu42Q2NdiPcSWdA0xeklcwQ | Q226: Pending | R226: odi.eth
A227: 226 | B227: Broken Keys | C227: The Blue Forest | D227: Own / Other | E227: Ethereum | G227: 0xd90829c6c6012e4dde506bd95d7499a04b9a56de | H227: 3 | K227: broken-keys-web/the_blue_forest.jpg | L227: https://arweave.net/eqDAqtqfuz_xOqCDUU7yGuOKyipZHrN2NjEnhxQ1k0M | Q227: Pending | R227: soir.eth
A228: 227 | B228: Broken Keys | C228: Primordial Blue | D228: Own / Other | E228: Ethereum | G228: 0xd90829c6c6012e4dde506bd95d7499a04b9a56de | H228: 4 | K228: broken-keys-web/primordial_blue.jpg | L228: https://arweave.net/yHUKrePVEpprOx5ZYLHzaGYHz3htvmXExDM3y17lHi8 | Q228: Pending | R228: 0x50f27cdb650879a41fb07038bf2b818845c20e17
A229: 228 | B229: Broken Keys | C229: The Collector | D229: Own / Other | E229: Ethereum | G229: 0xd90829c6c6012e4dde506bd95d7499a04b9a56de | H229: 5 | K229: broken-keys-web/the_collector.jpg | L229: https://arweave.net/XvWfzKCmAG6tOJUcfWQJr17MLcwSXrJkeaE0Zy92fhU | Q229: Pending | R229: 0x7ef4d2ed9d35b803ea3755dfa7fe686f17429b74
A230: 229 | B230: Broken Keys | C230: Rage | D230: Own / Other | E230: Ethereum | G230: 0xd90829c6c6012e4dde506bd95d7499a04b9a56de | H230: 6 | K230: broken-keys-web/rage.jpg | L230: https://arweave.net/qFVlEAE3kK3n1AL3wf_frxm9dlq13CofIrsWq5i1Zcg | Q230: Pending | R230: michaely.eth
A231: 230 | B231: Broken Keys | C231: Blue Birds | D231: Own / Other | E231: Ethereum | G231: 0xd90829c6c6012e4dde506bd95d7499a04b9a56de | H231: 7 | K231: broken-keys-web/blue_birds.jpg | L231: https://arweave.net/Wlwy58G8CvOb2_6tz9DgBj3lLkvPpZaxNX-UB5ibqBA | Q231: Pending | R231: antxx.eth
A232: 231 | B232: Broken Keys | C232: Vogue | D232: Own / Other | E232: Ethereum | G232: 0xd90829c6c6012e4dde506bd95d7499a04b9a56de | H232: 46 | K232: broken-keys-web/vogue.jpg | L232: https://arweave.net/Dsbvw7qkfcVPjnLTiG7C8swZcgApL8cd5eIOjb45rho | Q232: Pending | R232: gfunk.eth
A233: 232 | B233: Broken Keys | C233: Sojourn in the Centaurian Desert | D233: Own / Other | E233: Ethereum | G233: 0xd90829c6c6012e4dde506bd95d7499a04b9a56de | H233: 9 | K233: broken-keys-web/sojourn_in_the_centaurian_desert.jpg | L233: https://arweave.net/9CBBHBEchZOTwD0-sCFveH1YXqKRlyk8eB54QGgX8AI | Q233: Pending | R233: kutoa.eth
A234: 233 | B234: Broken Keys | C234: They Chose Violence | D234: Own / Other | E234: Ethereum | G234: 0xd90829c6c6012e4dde506bd95d7499a04b9a56de | H234: 10 | K234: broken-keys-web/they_chose_violence.jpg | L234: https://arweave.net/720JRCmJeKkwoOr90Vq_0A52eQEYfarAdTJUCfOBqVo | Q234: Pending | R234: 0x66d5527411d821cb513f2d214bbbc0ad73586b35
A235: 234 | B235: Broken Keys | C235: Center Of The Universe | D235: Own / Other | E235: Ethereum | G235: 0xd90829c6c6012e4dde506bd95d7499a04b9a56de | H235: 11 | K235: broken-keys-web/center_of_the_universe.jpg | L235: https://arweave.net/FK5f2XY8rY-DN2TeC5JvrFEFCUqVcjBRfVI0drwcep0 | Q235: Pending | R235: killianmoore.eth
A236: 235 | B236: Broken Keys | C236: The Unholy Grail | D236: Own / Other | E236: Ethereum | G236: 0xd90829c6c6012e4dde506bd95d7499a04b9a56de | H236: 12 | K236: broken-keys-web/the_unholy_grail.jpg | L236: https://arweave.net/oGBb0m7R9G21cczDvak1pvLiw5z1thIygVgKJELG2uE | Q236: Pending | R236: apehammer.eth
... A272: 271 | B272: Broken Keys | C272: I Dreamt of You Again Last Night | D272: Own / Other | E272: Ethereum | G272: 0xd90829c6c6012e4dde506bd95d7499a04b9a56de | H272: 48 | K272: broken-keys-web/i_dreamt_of_you_again_last_night.jpg | L272: https://arweave.net/eJf5YxdzTM-jy_SJst60EyfGuETWUsH9LNTGARwYATM | Q272: Pending | R272: gfunk.eth
A273: 272 | B273: Warothys | C273: Wicked | D273: Own / Other | E273: Ethereum | G273: 0x3c72d904a2006c02e4ebdbab32477e9182d9e59d | H273: 1 | K273: warothy/web/wicked_web.gif | L273: https://arweave.net/Zj7U8RsqXxTX4Fcgdau3D5ZMoCTEW4iDM1X1j-oBng4 | Q273: Pending
A274: 273 | B274: Warothys | C274: Capulet | D274: Own / Other | E274: Ethereum | G274: 0x3c72d904a2006c02e4ebdbab32477e9182d9e59d | H274: 2 | K274: warothy/web/capulet_web.gif | L274: https://arweave.net/Lf8Yvbiiv6Kc3gUO0Dr5y2pSL6ml1G2lPV3c2fEr5EA | Q274: Pending
A275: 274 | B275: Warothys | C275: Devil | D275: Own / Other | E275: Ethereum | G275: 0x3c72d904a2006c02e4ebdbab32477e9182d9e59d | H275: 3 | K275: warothy/web/devil_web.gif | L275: https://arweave.net/8j_Wft3OQ4DHxT_ZUoVNuYjoM1Zm3xUMsqsBoHj-1dI | Q275: Pending
A276: 275 | B276: Warothys | C276: Ruby Red | D276: Own / Other | E276: Ethereum | G276: 0x3c72d904a2006c02e4ebdbab32477e9182d9e59d | H276: 4 | K276: warothy/web/ruby_red_web.gif | L276: https://arweave.net/wJMrHZEFtymgbQCMzPUuz5DZcbXYiFKrR9sW47JhOZM | Q276: Pending
A277: 276 | B277: Warothys | C277: Songbird | D277: Own / Other | E277: Ethereum | G277: 0x3c72d904a2006c02e4ebdbab32477e9182d9e59d | H277: 5 | K277: warothy/web/songbird_web.gif | L277: https://arweave.net/Y3dIvZPRTl5GFSs4VUVvvTcnAQjJl9J8pCulVMbm7zI | Q277: Pending
A278: 277 | B278: Warothys | C278: Flowers | D278: Own / Other | E278: Ethereum | G278: 0x3c72d904a2006c02e4ebdbab32477e9182d9e59d | H278: 6 | K278: warothy/web/flowers_web.gif | L278: https://arweave.net/6acdKRRTT9_nur_yQW0yF_s7UUDK--j7QTFgmQt5Vvo | Q278: Pending
A279: 278 | B279: Warothys | C279: Tiger Lily | D279: Own / Other | E279: Ethereum | G279: 0x3c72d904a2006c02e4ebdbab32477e9182d9e59d | H279: 7 | K279: warothy/web/tiger_lily_web.gif | L279: https://arweave.net/p0EBvlfXkuwRmc1S6g78lOrrNsNaG3yoHzlfcmZzuZ4 | Q279: Pending
A280: 279 | B280: Warothys | C280: Louvre | D280: Own / Other | E280: Ethereum | G280: 0x3c72d904a2006c02e4ebdbab32477e9182d9e59d | H280: 8 | K280: warothy/web/louvre_web.gif | L280: https://arweave.net/kRYPuqumVDd5sI4X_s2_wdVdnmMZAZ2qqNL8lF0pn_M | Q280: Pending
A281: 280 | B281: Warothys | C281: Tin Flames | D281: Own / Other | E281: Ethereum | G281: 0x3c72d904a2006c02e4ebdbab32477e9182d9e59d | H281: 9 | K281: warothy/web/tin_flames_web.gif | L281: https://arweave.net/LFwY64cjU_vwGNPnHtuEODMgMjIYy2jIZDHpN68COD0 | Q281: Pending
A282: 281 | B282: Warothys | C282: Lollipop | D282: Own / Other | E282: Ethereum | G282: 0x3c72d904a2006c02e4ebdbab32477e9182d9e59d | H282: 10 | K282: warothy/web/lollipop_web.gif | L282: https://arweave.net/IQvcOS88ydpFkN_T5eWZT3cHWeuYRK7KqRhka3NFJ5Y | Q282: Pending
A283: 282 | B283: Warothys | C283: Sage Blue Dorothy | D283: Own / Other | E283: Ethereum | G283: 0x3c72d904a2006c02e4ebdbab32477e9182d9e59d | H283: 11 | K283: warothy/web/sage_blue_dorothy_web.gif | L283: https://arweave.net/r6-O8iqcRmPYivjPVxJXuI1drvFzGhiD-1xrJPGI3m4 | Q283: Pending
A284: 283 | B284: Warothys | C284: Emerald Conspiracy | D284: Own / Other | E284: Ethereum | G284: 0x3c72d904a2006c02e4ebdbab32477e9182d9e59d | H284: 12 | K284: warothy/web/emerald_conspiracy_web.gif | L284: https://arweave.net/6D5AD6ScOqDvWE52E4BfVz24VRz6ax0Od-S2VsAAK5w | Q284: Pending
... A297: 296 | B297: Warothys | C297: Monochrome Magic | D297: Own / Other | E297: Ethereum | G297: 0x3c72d904a2006c02e4ebdbab32477e9182d9e59d | H297: 25 | K297: warothy/web/monochrome_magic_web.gif | L297: https://arweave.net/dKYJYm_nilhAO67OQz75UBOZAfo70n59SdxOc3ynl2A | Q297: Pending
A298: 297 | B298: Warothys | C298: Warothy (Physical) | D298: Own / Other | E298: Ethereum | G298: 0x3c72d904a2006c02e4ebdbab32477e9182d9e59d | I298: Edition of 25 | K298: warothy/web/warothy_physical_web.gif | L298: warothy/warothy4k.gif | M298: GIF | Q298: Pending
A299: 298 | B299: SuperRare | C299: but wait...my bags! | D299: SuperRare | E299: Ethereum | F299: ERC-721 | G299: 0xb932a70A57673d89f4acfFBE830E8ed7f75Fb9e0 | H299: 47875 | K299: superrare/butwait/but_wait_small.gif | L299: https://ipfs.io/ipfs/Qme6uXtzKdp1TY1hSsdyU1pMxQCkYUumEsJ5jDnboVvsGx/originbags.gif | M299: GIF | Q299: Pending
A300: 299 | B300: SuperRare | C300: I promise I can change | D300: SuperRare | E300: Ethereum | F300: ERC-721 | G300: 0xb932a70A57673d89f4acfFBE830E8ed7f75Fb9e0 | H300: 36334 | K300: https://arweave.net/1Sas2deHRkHZ9ZigvldnbOiC94naLD29j8f4LHD6j5M | Q300: Pending
A301: 300 | B301: SuperRare | C301: love is in the air | D301: SuperRare | E301: Ethereum | F301: ERC-721 | G301: 0xb932a70A57673d89f4acfFBE830E8ed7f75Fb9e0 | H301: 35800 | K301: superrare/love_is_in_the_air/loveisintheair.gif | L301: https://ipfs.io/ipfs/QmYXRWT26dAFbUQPaofv8fkHEHWN2JvjZk6K4wKGvvhtG2/ACK-COLLAB-Recovered.gif | M301: GIF | Q301: Pending
A302: 301 | B302: SuperRare | C302: crypto art | D302: SuperRare | E302: Ethereum | F302: ERC-721 | G302: 0xb932a70A57673d89f4acfFBE830E8ed7f75Fb9e0 | H302: 33858 | K302: superrare/cryptoart/cryptoartmuse_resized.gif | L302: https://arweave.net/X6lCb0oI8XbwVQKtYYowZLwu57Uz9S1wsjd7DeI6mAw | Q302: Pending
A303: 302 | B303: SuperRare | C303: shady bunch | D303: SuperRare | E303: Ethereum | F303: ERC-721 | G303: 0xb932a70A57673d89f4acfFBE830E8ed7f75Fb9e0 | H303: 33270 | K303: superrare/shadybunch/shadybunch_master.gif | L303: https://ipfs.io/ipfs/QmbgD6DoN5FGosEGS9p4eqNZyvBtoH58LufMM9w1UKQQUQ/shadybunch.gif | M303: GIF | Q303: Pending
A304: 303 | B304: SuperRare | C304: 6942 | D304: SuperRare | E304: Ethereum | F304: ERC-721 | G304: 0xb932a70A57673d89f4acfFBE830E8ed7f75Fb9e0 | H304: 32650 | K304: superrare/6942/6942_web.jpg | L304: https://ipfs.io/ipfs/Qmanaszukj1TRS98v9LXcf5v218q4PeEvtnd2Af1yCgAEC/mother.png | M304: PNG | Q304: Pending
A305: 304 | B305: SuperRare | C305: she loves me not | D305: SuperRare | E305: Ethereum | F305: ERC-721 | G305: 0xb932a70A57673d89f4acfFBE830E8ed7f75Fb9e0 | H305: 32516 | K305: superrare/she_loves_me_not/shelovesmenot.gif | L305: https://ipfs.io/ipfs/QmcSYUx693hVDyUTmuUqGjXd5RRXSyxhbRB2EqTbyyefq6/1grimmglitch.gif | M305: GIF | Q305: Pending
A306: 305 | B306: SuperRare | C306: all time high on centauri | D306: SuperRare | E306: Ethereum | F306: ERC-721 | G306: 0xb932a70A57673d89f4acfFBE830E8ed7f75Fb9e0 | H306: 31322 | K306: superrare/alltimehigh/alltimehigh_web.jpg | L306: https://ipfs.io/ipfs/Qmb4UNqVy18qvtX9qJKR3C6jULCuhatPKVxJLHt7pg84RR/ATHmaster.png | M306: PNG | Q306: Pending
A307: 306 | B307: SuperRare | C307: ctrl + alt + generate | D307: SuperRare | E307: Ethereum | F307: ERC-721 | G307: 0xb932a70A57673d89f4acfFBE830E8ed7f75Fb9e0 | H307: 29200 | K307: superrare/ctrlaltgen/ctrlaltgen_web.jpg | L307: superrare/ctrlaltgen/ctrlaltgen_web.mp4 | M307: MP4 | Q307: Pending
A308: 307 | B308: Heart You | C308: Heart You | D308: Own / Other | E308: Ethereum | G308: 0x149b579e48b7f03c45b5c96ffd44555b2f9ee8a3 | H308: 1 | K308: https://res.cloudinary.com/alchemyapi/image/upload/thumbnailv2/eth-mainnet/7b43fed48b18aa85cf365edb61405676 | L308: https://arweave.net/enexd26VNDhETFePXozDEJ77SbVBBtm91o8J_QULw-o | Q308: Pending
A309: 308 | B309: Heart You | C309: Heart You #2 | D309: Own / Other | E309: Ethereum | G309: 0x149b579e48b7f03c45b5c96ffd44555b2f9ee8a3 | H309: 2 | K309: https://res.cloudinary.com/alchemyapi/image/upload/thumbnailv2/eth-mainnet/4b610259e41c1cccf05a6da6f81cf343 | L309: https://arweave.net/gV0M0y0DYUUwLPeetaeuOs7FnsmE2zuaMZdmzU8NABc | Q309: Pending
A310: 309 | B310: Heart You | C310: Heart You #3 | D310: Own / Other | E310: Ethereum | G310: 0x149b579e48b7f03c45b5c96ffd44555b2f9ee8a3 | H310: 3 | K310: https://res.cloudinary.com/alchemyapi/image/upload/thumbnailv2/eth-mainnet/a08464254d57b28859c6eaa87fb96d53 | L310: https://arweave.net/vzVTkgXF6Oa92AZYskU2BhdozKmLqHplDYvmwKUYM_A | Q310: Pending
A311: 310 | B311: Heart You | C311: Heart You #4 | D311: Own / Other | E311: Ethereum | G311: 0x149b579e48b7f03c45b5c96ffd44555b2f9ee8a3 | H311: 4 | K311: https://res.cloudinary.com/alchemyapi/image/upload/thumbnailv2/eth-mainnet/2f76bf3fa51c11a02d3ed056e03f9dc6 | L311: https://arweave.net/xKkt6dOFa5iu5fNiGPkt6mNvbYtgfxtYNosoxdj7w3M | Q311: Pending
A312: 311 | B312: Heart You | C312: Heart You #5 | D312: Own / Other | E312: Ethereum | G312: 0x149b579e48b7f03c45b5c96ffd44555b2f9ee8a3 | H312: 5 | K312: https://res.cloudinary.com/alchemyapi/image/upload/thumbnailv2/eth-mainnet/a836f8fe3bf899936f954d0715f7566e | L312: https://arweave.net/AntKL_HH0FCRRFs7_4KzUX8aXxjYLhDKBtIa6_5j5Qo | Q312: Pending
A313: 312 | B313: Heart You | C313: Heart You #6 | D313: Own / Other | E313: Ethereum | G313: 0x149b579e48b7f03c45b5c96ffd44555b2f9ee8a3 | H313: 6 | K313: https://res.cloudinary.com/alchemyapi/image/upload/thumbnailv2/eth-mainnet/596ca11dac0bb92686100b96d4aee474 | L313: https://arweave.net/yqEOxVqm1eM8ZPEQaHdczAMBIibpVvKUl92P2S93tUU | Q313: Pending
A314: 313 | B314: Heart You | C314: Heart You #7 | D314: Own / Other | E314: Ethereum | G314: 0x149b579e48b7f03c45b5c96ffd44555b2f9ee8a3 | H314: 7 | K314: https://res.cloudinary.com/alchemyapi/image/upload/thumbnailv2/eth-mainnet/d628b05e8a829b372dad2a9b8d66cae8 | L314: https://arweave.net/crr9jhJeWHTP-zYdJ9b41g0E7nQivPRixlVaTvWuuXs | Q314: Pending
A315: 314 | B315: Heart You | C315: Heart You #8 | D315: Own / Other | E315: Ethereum | G315: 0x149b579e48b7f03c45b5c96ffd44555b2f9ee8a3 | H315: 8 | K315: https://res.cloudinary.com/alchemyapi/image/upload/thumbnailv2/eth-mainnet/ded20db8b10d516c1c831945d1bd058b | L315: https://arweave.net/QfP0irkkY6XZ_F43WOEW6zl5JuukpMIXDN3-K-jRzg8 | Q315: Pending
A316: 315 | B316: Her Favorite Flowers | C316: made these for my girl | D316: Own / Other | E316: Ethereum | G316: 0xa3cdefc4aea0407937ac3ea127b7491f24e5fe63 | H316: 1 | K316: her_favorite_flowers/web/made_these_for_my_girl_web.jpg | L316: https://arweave.net/RatsyJ-T3aeV_vw82ebymR37DPxgFRlCaGfLxhnHGzY | Q316: Pending
...

Sheet How to Use
B2: ACK Archive Registry — Catalog Workbook
B4: This workbook is the data spine for ACK's permanent preservation system. It drives the Arweave uploads, the on-chain merkle root, and the public manifest JSON.
B6: Workflow
B8: 1. For each row, upload the Local Full-Res Path (or Local Thumb Path if no full-res exists) to Arweave.
B9: 2. Paste the Arweave TX hash into the Arweave TX column.
B10: 3. Compute the SHA-256 of the uploaded file and paste into SHA-256 Hash. (shasum -a 256 path/to/file)
B11: 4. For Foundation/SuperRare works, find the existing IPFS CID from the tokenURI and paste into Original IPFS CID.
B12: 5. Update Preservation Status as you go: Pending > Uploading > Uploaded > Hash Verified > In Manifest > Done.
B13: 6. The Summary sheet updates live as you fill rows.
B15: Column Legend
B17: Columns in BLUE (Original IPFS CID, Arweave TX, SHA-256 Hash, Notes) are for you to fill in.
B18: Columns in BLACK are auto-populated from your gallery's COLLECTIONS data.
... B44: 5. Optionally renounce ownership to make the archive permanent/immutable.
